{
    "model_name": "XGBoost",
    "rmse": 48872.53610928783,
    "mae": 37010.56013531437,
    "r2": 0.3949716460813021
}